<?xml version="1.0" encoding="utf-8"?><Setup version="6.0.98.0">
  <mediaSignature>{6D7CC1C2-62A9-4764-9536-CDC175C7B054}</mediaSignature>
  <WorkflowVersion>CS6</WorkflowVersion>
  <DEVersion>6.0</DEVersion>
  
<Languages/><Media><Volume><Name>Photoshop CS6</Name><Payloads><Payload folder="AdobePhotoshop13-Core-291013160357">Adobe CS6</Payload><Payload folder="AdobePhotoshop13-Core_x64-291013160953">Adobe CS6</Payload><Payload folder="AdobePhotoshop13-cs_CZ-291013153631">Adobe CS6</Payload><Payload folder="AdobePhotoshop13-cs_CZ_x64-291013153804">Adobe CS6</Payload><Payload folder="AdobePhotoshop13-da_DK-291013150546">Adobe CS6</Payload><Payload folder="AdobePhotoshop13-da_DK_x64-291013150719">Adobe CS6</Payload><Payload folder="AdobePhotoshop13-de_DE-291013145936">Adobe CS6</Payload><Payload folder="AdobePhotoshop13-de_DE_x64-291013150109">Adobe CS6</Payload><Payload folder="AdobePhotoshop13-en_AE-291013155500">Adobe CS6</Payload><Payload folder="AdobePhotoshop13-en_AE_x64-291013155632">Adobe CS6</Payload><Payload folder="AdobePhotoshop13-en_GB-291013144420">Adobe CS6</Payload><Payload folder="AdobePhotoshop13-en_GB_x64-291013144553">Adobe CS6</Payload><Payload folder="AdobePhotoshop13-en_IL-291013155803">Adobe CS6</Payload><Payload folder="AdobePhotoshop13-en_IL_x64-291013155934">Adobe CS6</Payload><Payload folder="AdobePhotoshop13-es_ES-291013152414">Adobe CS6</Payload><Payload folder="AdobePhotoshop13-es_ES_x64-291013152547">Adobe CS6</Payload><Payload folder="AdobePhotoshop13-es_MX-291013152109">Adobe CS6</Payload><Payload folder="AdobePhotoshop13-es_MX_x64-291013152242">Adobe CS6</Payload><Payload folder="AdobePhotoshop13-fi_FI-291013153023">Adobe CS6</Payload><Payload folder="AdobePhotoshop13-fi_FI_x64-291013153156">Adobe CS6</Payload><Payload folder="AdobePhotoshop13-fr_CA-291013151804">Adobe CS6</Payload><Payload folder="AdobePhotoshop13-fr_CA_x64-291013151937">Adobe CS6</Payload><Payload folder="AdobePhotoshop13-fr_FR-291013151459">Adobe CS6</Payload><Payload folder="AdobePhotoshop13-fr_FR_x64-291013151632">Adobe CS6</Payload><Payload folder="AdobePhotoshop13-fr_MA-291013160105">Adobe CS6</Payload><Payload folder="AdobePhotoshop13-fr_MA_x64-291013160237">Adobe CS6</Payload><Payload folder="AdobePhotoshop13-hu_HU-291013155156">Adobe CS6</Payload><Payload folder="AdobePhotoshop13-hu_HU_x64-291013155329">Adobe CS6</Payload><Payload folder="AdobePhotoshop13-it_IT-291013150850">Adobe CS6</Payload><Payload folder="AdobePhotoshop13-it_IT_x64-291013151023">Adobe CS6</Payload><Payload folder="AdobePhotoshop13-ja_JP-291013144724">Adobe CS6</Payload><Payload folder="AdobePhotoshop13-ja_JP_x64-291013144857">Adobe CS6</Payload><Payload folder="AdobePhotoshop13-ko_KR-291013145028">Adobe CS6</Payload><Payload folder="AdobePhotoshop13-ko_KR_x64-291013145200">Adobe CS6</Payload><Payload folder="AdobePhotoshop13-nb_NO-291013153327">Adobe CS6</Payload><Payload folder="AdobePhotoshop13-nb_NO_x64-291013153500">Adobe CS6</Payload><Payload folder="AdobePhotoshop13-nl_NL-291013151155">Adobe CS6</Payload><Payload folder="AdobePhotoshop13-nl_NL_x64-291013151327">Adobe CS6</Payload><Payload folder="AdobePhotoshop13-pl_PL-291013153936">Adobe CS6</Payload><Payload folder="AdobePhotoshop13-pl_PL_x64-291013154109">Adobe CS6</Payload><Payload folder="AdobePhotoshop13-pt_BR-291013150241">Adobe CS6</Payload><Payload folder="AdobePhotoshop13-pt_BR_x64-291013150414">Adobe CS6</Payload><Payload folder="AdobePhotoshop13-ru_RU-291013154545">Adobe CS6</Payload><Payload folder="AdobePhotoshop13-ru_RU_x64-291013154718">Adobe CS6</Payload><Payload folder="AdobePhotoshop13-Support-291013161657">Adobe CS6</Payload><Payload folder="AdobePhotoshop13-sv_SE-291013152719">Adobe CS6</Payload><Payload folder="AdobePhotoshop13-sv_SE_x64-291013152851">Adobe CS6</Payload><Payload folder="AdobePhotoshop13-tr_TR-291013154241">Adobe CS6</Payload><Payload folder="AdobePhotoshop13-tr_TR_x64-291013154413">Adobe CS6</Payload><Payload folder="AdobePhotoshop13-uk_UA-291013154850">Adobe CS6</Payload><Payload folder="AdobePhotoshop13-uk_UA_x64-291013155023">Adobe CS6</Payload><Payload folder="AdobePhotoshop13-zh_CN-291013145634">Adobe CS6</Payload><Payload folder="AdobePhotoshop13-zh_CN_x64-291013145805">Adobe CS6</Payload><Payload folder="AdobePhotoshop13-zh_TW-291013145331">Adobe CS6</Payload><Payload folder="AdobePhotoshop13-zh_TW_x64-291013145503">Adobe CS6</Payload></Payloads></Volume></Media></Setup>